-- Updated sample data for person table (Swedish citizens)
INSERT INTO person (ssn, name, email, phone_number, street_adress, zip_code, city)
VALUES
('199001011234', 'Erik Johansson', 'erik.johansson@example.se', '+46701234567', 'Vasagatan 1', '11120', 'Stockholm'),
('198502155678', 'Anna Andersson', 'anna.andersson@example.se', '+46702345678', 'Drottninggatan 2', '11121', 'Stockholm'),
('199312111357', 'Lars Svensson', 'lars.svensson@example.se', '+46703456789', 'Sveavägen 3', '11122', 'Stockholm'),
('199007192468', 'Karin Eriksson', 'karin.eriksson@example.se', '+46704567890', 'Birger Jarlsgatan 4', '11123', 'Stockholm'),
('198711253690', 'Olof Nilsson', 'olof.nilsson@example.se', '+46705678901', 'Götgatan 5', '11124', 'Stockholm'),
('199501109876', 'Emma Karlsson', 'emma.karlsson@example.se', '+46706789012', 'Folkungagatan 6', '11125', 'Stockholm'),
('198805301122', 'Johanna Gustafsson', 'johanna.gustafsson@example.se', '+46707890123', 'Hornsgatan 7', '11126', 'Stockholm'),
('199304022233', 'Fredrik Pettersson', 'fredrik.pettersson@example.se', '+46708901234', 'Torkel Knutssonsgatan 8', '11127', 'Stockholm'),
('199512183344', 'Maja Lindberg', 'maja.lindberg@example.se', '+46709012345', 'Södermannagatan 9', '11128', 'Stockholm'),
('198212014455', 'Anders Johansson', 'anders.johansson@example.se', '+46700123456', 'Kungsholmsgatan 10', '11129', 'Stockholm'),
('199202082233', 'Sofia Bergström', 'sofia.bergstrom@example.se', '+46709123456', 'Rådmansgatan 11', '11130', 'Stockholm'),
('198705151122', 'Daniel Lindholm', 'daniel.lindholm@example.se', '+46708012345', 'Odengatan 12', '11131', 'Stockholm'),
('199903252468', 'Helena Stenberg', 'helena.stenberg@example.se', '+46707012345', 'Sankt Eriksgatan 13', '11132', 'Stockholm'),
('198605141357', 'Marcus Nyström', 'marcus.nystrom@example.se', '+46706012345', 'Karlbergsvägen 14', '11133', 'Stockholm'),
('199812243690', 'Olivia Öberg', 'olivia.oberg@example.se', '+46705012345', 'Hagagatan 15', '11134', 'Stockholm'),
('199405302468', 'William Sandberg', 'william.sandberg@example.se', '+46704012345', 'Valhallavägen 16', '11135', 'Stockholm'),
('198310253344', 'Matilda Holm', 'matilda.holm@example.se', '+46703012345', 'Lidingövägen 17', '11136', 'Stockholm'),
('199111011122', 'Alexander Sjögren', 'alexander.sjogren@example.se', '+46702012345', 'Norra Stationsgatan 18', '11137', 'Stockholm'),
('198901202468', 'Ella Friberg', 'ella.friberg@example.se', '+46701012345', 'Roslagsgatan 19', '11138', 'Stockholm'),
('199512243690', 'Victor Eklund', 'victor.eklund@example.se', '+46700123456', 'Luntmakargatan 20', '11139', 'Stockholm'),
('199307051234', 'Julia Hansson', 'julia.hansson@example.se', '+46711234567', 'Tegnérgatan 21', '11140', 'Stockholm'),
('198612221357', 'Filip Blom', 'filip.blom@example.se', '+46712345678', 'Mäster Samuelsgatan 22', '11141', 'Stockholm'),
('199908011122', 'Emma Löfgren', 'emma.lofgren@example.se', '+46713456789', 'Kungsgatan 23', '11142', 'Stockholm'),
('198305291468', 'Simon Wallin', 'simon.wallin@example.se', '+46714567890', 'Regeringsgatan 24', '11143', 'Stockholm'),
('199404151224', 'Isabelle Åkesson', 'isabelle.akesson@example.se', '+46715678901', 'Hamngatan 25', '11144', 'Stockholm'),
('198712101357', 'Oscar Berg', 'oscar.berg@example.se', '+46716789012', 'Sibyllegatan 26', '11145', 'Stockholm'),
('199805082468', 'Clara Björk', 'clara.bjork@example.se', '+46717890123', 'Nybroplan 27', '11146', 'Stockholm'),
('199602191357', 'Jonathan Falk', 'jonathan.falk@example.se', '+46718901234', 'Eriksbergsgatan 28', '11147', 'Stockholm'),
('198103253690', 'Evelina Lind', 'evelina.lind@example.se', '+46719012345', 'Birger Jarlsgatan 29', '11148', 'Stockholm'),
('199112081357', 'Fredrik Åström', 'fredrik.astrom@example.se', '+46710123456', 'Odengatan 30', '11149', 'Stockholm'),
('199310131468', 'Linnea Holmberg', 'linnea.holmberg@example.se', '+46711234568', 'Dalagatan 31', '11150', 'Stockholm'),
('198408071234', 'Sebastian Norén', 'sebastian.noren@example.se', '+46712345679', 'Sveavägen 32', '11151', 'Stockholm'),
('199712291357', 'Alma Wikström', 'alma.wikstrom@example.se', '+46713456780', 'Torsgatan 33', '11152', 'Stockholm'),
('198507171224', 'Anton Dahl', 'anton.dahl@example.se', '+46714567891', 'Hagagatan 34', '11153', 'Stockholm'),
('199211291468', 'Elin Hedlund', 'elin.hedlund@example.se', '+46715678902', 'Luntmakargatan 35', '11154', 'Stockholm'),
('198809102468', 'Liam Sundin', 'liam.sundin@example.se', '+46716789013', 'Tegnérgatan 36', '11155', 'Stockholm'),
('199405231357', 'Nora Ström', 'nora.strom@example.se', '+46717890124', 'Karlavägen 37', '11156', 'Stockholm'),
('198601211468', 'Max Nilsson', 'max.nilsson@example.se', '+46718901235', 'Lidingövägen 38', '11157', 'Stockholm'),
('199512291224', 'Hanna Engström', 'hanna.engstrom@example.se', '+46719012346', 'Narvavägen 39', '11158', 'Stockholm'),
('198312101234', 'Alexander Bergman', 'alexander.bergman@example.se', '+46710123457', 'Östermalmsgatan 40', '11159', 'Stockholm'),
('199107041357', 'Tilda Forsberg', 'tilda.forsberg@example.se', '+46711234569', 'Hornsgatan 41', '11160', 'Stockholm'),
('198706081224', 'Felix Jansson', 'felix.jansson@example.se', '+46712345670', 'Folkungagatan 42', '11161', 'Stockholm'),
('199210101357', 'Alice Jonsson', 'alice.jonsson@example.se', '+46713456781', 'Sankt Eriksgatan 43', '11162', 'Stockholm'),
('198401251468', 'Viktor Persson', 'viktor.persson@example.se', '+46714567892', 'Torsgatan 44', '11163', 'Stockholm'),
('199906301224', 'Maja Sjögren', 'maja.sjogren@example.se', '+46715678903', 'Kungsgatan 45', '11164', 'Stockholm'),
('198609131357', 'William Ågren', 'william.agren@example.se', '+46716789014', 'Sveavägen 46', '11165', 'Stockholm'),
('199305191468', 'Ellen Sandström', 'ellen.sandstrom@example.se', '+46717890125', 'Hamngatan 47', '11166', 'Stockholm'),
('198707061224', 'Lucas Holm', 'lucas.holm@example.se', '+46718901236', 'Kungsgatan 48', '11167', 'Stockholm'),
('199109081357', 'Sara Nyberg', 'sara.nyberg@example.se', '+46719012347', 'Karlbergsvägen 49', '11168', 'Stockholm'),
('198212031468', 'Adrian Lundqvist', 'adrian.lundqvist@example.se', '+46710123458', 'Hagagatan 50', '11169', 'Stockholm');


-- Sample data for skill_levels_available table (only 3 levels)
INSERT INTO skill_levels_available (skill_level)
VALUES
('Beginner'),
('Intermediate'),
('Advanced');

-- Sample data for student table (20 students)
INSERT INTO student (person_id)
VALUES
(1), (2), (3), (4), (5), (6), (7), (8), (9), (10),
(11), (12), (13), (14), (15), (16), (17), (18), (19), (20),
(21), (22), (23), (24), (25), (26), (27), (28), (29), (30);

-- Sample data for student_payment table (with bill set to 0)
INSERT INTO student_payment (student_id, bill)
VALUES
(1, 0), (2, 0), (3, 0), (4, 0), (5, 0), (6, 0), (7, 0),
(8, 0), (9, 0), (10, 0), (11, 0), (12, 0), (13, 0),
(14, 0), (15, 0), (16, 0), (17, 0), (18, 0), (19, 0),
(20, 0), (21, 0), (22, 0), (23, 0), (24, 0), (25, 0),
(26, 0), (27, 0), (28, 0), (29, 0), (30, 0);


-- Sample data for time_slot table
INSERT INTO time_slot (start_time, end_time)
VALUES
('2024-01-10 09:00:00', '2024-01-10 10:00:00'),
('2024-02-14 10:00:00', '2024-02-14 11:00:00'),
('2024-03-15 11:00:00', '2024-03-15 12:00:00'),
('2024-04-18 12:00:00', '2024-04-18 13:00:00'),
('2024-05-20 13:00:00', '2024-05-20 14:00:00'),
('2024-06-22 14:00:00', '2024-06-22 15:00:00'),
('2024-07-24 15:00:00', '2024-07-24 16:00:00'),
('2024-08-26 16:00:00', '2024-08-26 17:00:00'),
('2024-09-28 09:00:00', '2024-09-28 10:00:00'),
('2024-10-30 10:00:00', '2024-10-30 11:00:00'),
('2024-01-15 11:00:00', '2024-01-15 12:00:00'),
('2024-02-18 12:00:00', '2024-02-18 13:00:00'),
('2024-03-20 13:00:00', '2024-03-20 14:00:00'),
('2024-04-25 14:00:00', '2024-04-25 15:00:00'),
('2024-05-30 15:00:00', '2024-05-30 16:00:00'),
('2024-06-10 16:00:00', '2024-06-10 17:00:00'),
('2024-07-12 09:00:00', '2024-07-12 10:00:00'),
('2024-08-14 10:00:00', '2024-08-14 11:00:00'),
('2024-09-16 11:00:00', '2024-09-16 12:00:00'),
('2024-10-18 12:00:00', '2024-10-18 13:00:00'),
('2024-11-20 13:00:00', '2024-11-20 14:00:00'),
('2024-12-22 14:00:00', '2024-12-22 15:00:00'),
('2024-01-05 15:00:00', '2024-01-05 16:00:00'),
('2024-02-10 16:00:00', '2024-02-10 17:00:00'),
('2024-03-15 09:00:00', '2024-03-15 10:00:00'),
('2024-04-20 10:00:00', '2024-04-20 11:00:00'),
('2024-05-25 11:00:00', '2024-05-25 12:00:00'),
('2024-06-30 12:00:00', '2024-06-30 13:00:00'),
('2024-07-05 13:00:00', '2024-07-05 14:00:00'),
('2024-08-10 14:00:00', '2024-08-10 15:00:00');


INSERT INTO genre (genre)
VALUES
('Classical'),
('Jazz'),
('Rock'),
('Pop'),
('Folk'),
('Blues'),
('Electronic');


-- Sample data for type_of_instruments table
INSERT INTO type_of_instruments (instrument_type)
VALUES
('Piano'),
('Guitar'),
('Violin'),
('Drums'),
('Flute');



-- Sample data for contact_person table (5 contact people)
INSERT INTO contact_person (person_id, relation_to_student)
VALUES
(31, 'Mother'),
(32, 'Father'),
(33, 'Guardian'),
(34, 'Mother'),
(35, 'Father'),
(36, 'Guardian'),
(37, 'Mother'),
(38, 'Father'),
(39, 'Guardian'),
(40, 'Mother');

-- Sample data for instructor table (5 instructors)
INSERT INTO instructor (person_id)
VALUES
(41), (42), (43), (44), (45), (46), (47), (48), (49), (50);

-- Sample data for instructor_salary table (with salary set to 0)
INSERT INTO instructor_salary (instructor_id, salary)
VALUES
(1, 0), (2, 0), (3, 0), (4, 0), (5, 0),
(6, 0), (7, 0), (8, 0), (9, 0), (10, 0);


-- Sample data for instructor_schedule table
INSERT INTO instructor_schedule (instructor_id)
VALUES
(1), (2), (3), (4), (5), (6), (7), (8), (9), (10);


-- Sample data for stocked_instrument table
INSERT INTO stocked_instrument (type_of_instrument_id, brand, rent_price)
VALUES
(1, 'Yamaha', 150.00),
(2, 'Fender', 100.00),
(3, 'Stradivarius', 500.00),
(4, 'Pearl', 250.00),
(5, 'Gemeinhardt', 200.00);

-- Sample data for instrument_rental table
INSERT INTO instrument_rental (stocked_instrument_id, rent_date, return_date, rent_fee)
VALUES
(1, '2024-11-01 09:00:00', '2024-11-07 09:00:00', 150.00),
(2, '2024-11-01 10:00:00', '2024-11-07 10:00:00', 100.00),
(3, '2024-11-02 09:00:00', '2024-11-09 09:00:00', 500.00),
(4, '2024-11-02 10:00:00', '2024-11-09 10:00:00', 250.00),
(5, '2024-11-03 09:00:00', '2024-11-10 09:00:00', 200.00);

-- Sample data for rented_instruments table
INSERT INTO rented_instruments (student_id, instrument_renatl_id)
VALUES
(1, 1), (2, 2), (3, 3), (4, 4), (5, 5);

INSERT INTO sibling (student_id, sibling_id)
VALUES
(1, 2), (3, 4), (5, 6), (7, 8), (9, 10), (3, 2),
(11, 12), (13, 14), (15, 16), (17, 18),(19, 20);

INSERT INTO locales (room_name, capacity)
VALUES
('Room A', 10),
('Room B', 15),
('Room C', 20),
('Room D', 25),
('Room E', 30);

INSERT INTO lesson (instructor_id, lesson_type)
VALUES
(1, 'Ensemble'), (2, 'Ensemble'), (6, 'Ensemble'), (3, 'Ensemble'), (7, 'Ensemble'),
(4, 'Ensemble'), (8, 'Ensemble'), (5, 'Ensemble'), (9, 'Ensemble'), (10, 'Ensemble'),
(1, 'Private'), (2, 'Group'), (6, 'Private'), (3, 'Group'), (7, 'Private'),
(4, 'Group'), (8, 'Private'), (5, 'Private'), (9, 'Group'), (10, 'Private'),
(1, 'Group'), (2, 'Private'), (6, 'Group'), (3, 'Group'), (7, 'Group'),
(4, 'Private'), (8, 'Group'), (5, 'Private'), (9, 'Private'), (10, 'Group');

INSERT INTO ensamble (lesson_id, genres_id)
VALUES
(1, 1), (2, 2), (6, 6), (3, 3), (7, 7),
(4, 4), (8, 1), (5, 5), (9, 2), (10, 3);

-- Sample data for lesson_instrument table
INSERT INTO lesson_instrument (lesson_id, type_of_instruments_id, skill_levels_available_id)
VALUES
(11, 1, 2), (12, 5, 3), (13, 3, 1), (14, 4, 2), (15, 2, 3),
(16, 1, 1), (17, 5, 2), (18, 3, 3), (19, 4, 1), (20, 2, 2),
(21, 5, 3), (22, 1, 2), (23, 3, 1), (24, 4, 3), (25, 2, 1),
(26, 1, 3), (27, 5, 2), (28, 3, 3), (29, 4, 1), (30, 2, 3);


-- Linking lessons with time slots (assuming the time_slot table has appropriate data)
-- Adjust the time_slot_id values based on your existing table
INSERT INTO instructor_schedule_time_slot (instructor_schedule_id, timeslot_id)
VALUES
(1, 1),
(2, 2),
(3, 3),
(4, 4),
(5, 5),
(6, 6),
(7, 7),
(8, 8),
(9, 9),
(10, 10),
(1, 11),
(2, 12),
(3, 13),
(4, 14),
(5, 15),
(6, 16),
(7, 17),
(8, 18),
(9, 19),
(10, 20),
(1, 21),
(2, 22),
(3, 23),
(4, 24),
(5, 25),
(6, 26),
(7, 27),
(8, 28),
(9, 29),
(10, 30);

-- Assign lessons to students (lesson_student table)
INSERT INTO lesson_student (student_id, lesson_id)
VALUES
(1, 1),
(2, 2),
(3, 3),
(4, 4),
(5, 5),
(6, 6),
(7, 7),
(8, 8),
(9, 9),
(10, 10),
(11, 11),
(12, 12),
(13, 13),
(14, 14),
(15, 15),
(16, 16),
(17, 17),
(18, 18),
(19, 19),
(20, 20),
(21, 21),
(22, 22),
(23, 23),
(24, 24),
(25, 25),
(26, 26),
(27, 27),
(28, 28),
(29, 29),
(30, 30);

INSERT INTO locale_availability (locales_id, lesson_id)
VALUES
(1, 1),
(2, 2),
(3, 3),
(4, 4),
(5, 5),
(1, 6),
(2, 7),
(3, 8),
(4, 9),
(5, 10),
(1, 11),
(2, 12),
(3, 13),
(4, 14),
(5, 15),
(1, 16),
(2, 17),
(3, 18),
(4, 19),
(5, 20),
(1, 21),
(2, 22),
(3, 23),
(4, 24),
(5, 25),
(1, 26),
(2, 27),
(3, 28),
(4, 29),
(5, 30);

INSERT INTO locale_availability_time_slot (locales_id, lesson_id, timeslot_id)
VALUES
(1, 1, 1),
(2, 2, 2),
(3, 3, 3),
(4, 4, 4),
(5, 5, 5),
(1, 6, 6),
(2, 7, 7),
(3, 8, 8),
(4, 9, 9),
(5, 10, 10),
(1, 11, 11),
(2, 12, 12),
(3, 13, 13),
(4, 14, 14),
(5, 15, 15),
(1, 16, 16),
(2, 17, 17),
(3, 18, 18),
(4, 19, 19),
(5, 20, 20),
(1, 21, 21),
(2, 22, 22),
(3, 23, 23),
(4, 24, 24),
(5, 25, 25),
(1, 26, 26),
(2, 27, 27),
(3, 28, 28),
(4, 29, 29),
(5, 30, 30);
